unit,deadline,final_status,actual_value,source,page_or_table
T16,2026-12-31,open,NCL operational risk RWA USD 24.0bn at every reporting date from 31.3.2025 to 30.6.2026 (USD 27.1bn at 31.12.2024); call figure around USD 14bn by end-2026,UBS_2025-Q1_report.htm; UBS_2025-Q2_report.htm; UBS_2025-Q3_report.htm; UBS_2025-Q4_report.htm; UBS_2025_annual_report.htm; UBS_2026-Q1_report.htm; UBS_2026-Q2_report.htm,"table 'Composition of Non-core and Legacy', row 'Operational risk', column RWA; pages 31, 35, 37, 31, 107, 32, 35"
T25,2026-12-31,achieved,over USD 6bn of capital released by end-2024 (2024 annual report); USD 8bn freed up since inception by end-2025 (2025 annual report); call figure over USD 6bn by end-2026,UBS_2024_annual_report.htm; UBS_2025_annual_report.htm,2024 annual report pages 26 and 224; 2025 annual report page 26
T27,2024-12-31,achieved,"NCL RWA other than operational risk USD 14.3bn at 31.12.2024 (total 41.4 less operational risk 27.1; calculated); credit and market risk RWA around USD 5bn at 31.12.2025, USD 4bn at 31.3.2026",UBS_2024-Q4_report.htm; UBS_2024_annual_report.htm,"table 'Composition of Non-core and Legacy', rows 'Operational risk' and 'Total', column RWA; pages 32 and 108"
T30,2026-12-31,revised,cumulative integration-related expenses USD 14.2bn at 30.6.2026 (constant FX),UBS_2026-Q2_report.htm,page 7
T32,2030-01-01,revised,"fully applied RWA add-ons 1.44% + 1.08% = 2.52% against 1.44% before: an increase of about 108 basis points (calculated), against around 180 in the call; on the 14.99% of 31.12.2025 this gives about 16.07% (calculated, other components unchanged), against 16.7% in the call",UBS_2023_annual_report.htm; UBS_2024_annual_report.htm; UBS_2024-Q1_report.htm; UBS_2025-Q3_report.htm; UBS_2025_annual_report.htm; UBS_2026-Q2_report.htm,pages 186; 162; 42; 47; 157; 44
T33,2024-12-31,missed,new AT1 issuances of USD 3.5bn in 2024 (call: up to USD 2bn),UBS_2024_annual_report.htm,page 165
T68,2025-12-31,no longer mentioned,HoldCo not reported under this name,,
F11,2030-01-01,no longer mentioned,going concern capital ratio 19.0% at 30.6.2026 (18.2% at 31.3.2025),UBS_2026-Q2_report.htm,page 46
F12,2026-12-31,open,"Group LRD, cumulative change from asset size and other movements since 31.12.2023, currency effects excluded, in USD bn (calculated): 31.12.2024: -102.3; 31.12.2025: -138.4; 31.3.2026: -97.8; 30.6.2026: -92.2; call figure: a reduction of over 100 at constant FX within three years",UBS_2024_annual_report.htm; UBS_2025_annual_report.htm; UBS_2026-Q1_report.htm; UBS_2026-Q2_report.htm,pages 169 (also 96); 93; 46; 50
F22,going forward,achieved,quarterly average LCR 177.3% in 2Q26 (all quarters 2025 and 2026 between 177.3% and 182.6%),UBS_2026-Q2_report.htm,page 52
