origin,unit,use,file,page,quote,checked,verified,rule
targets_39.csv,T16,counterpart to 2024,UBS_2023_annual_report.htm,56,"Reduce RWA and LRD, freeing up capital for the UBS Group",True,True,current
targets_39.csv,T25,counterpart to 2024,UBS_2023_annual_report.htm,62,We plan to fund this growth organically from the capital released from the unwinding of the,True,True,current
targets_39.csv,T27,counterpart to 2024,UBS_2023-Q4_report.htm,47,"The core business-led reductions in RWA, coupled with the run-down of positions in the Non-core and Legacy business division, are expected to more than offset the effects of model updates and revised Basel III standards in 2024 and",True,True,current
targets_39.csv,T32,counterpart to 2024,UBS_2023_annual_report.htm,186,"The phase-in of these increased capital requirements will commence from the end of 2025 and will be completed by the beginning of 2030, at the latest",True,True,current
targets_39.csv,T10,counterpart to 2024,UBS_2023-Q4_report.htm,7,capital ratio of around 14%,True,True,current
targets_39.csv,T12,counterpart to 2024,UBS_2023-Q2_report.htm,8,We further aim to achieve gross cost reductions of over USD 10bn by that time,True,True,current
targets_39.csv,T13,counterpart to 2024,UBS_2023-Q2_report.htm,8,We further aim to achieve gross cost reductions of over USD 10bn by that time,True,True,current
targets_39.csv,T9,counterpart to 2024,UBS_2023-Q2_report.htm,8,we aim to achieve an exit-rate cost income ratio of less than 70% by end-2026,True,True,current
targets_39.csv,T14,counterpart to 2024,UBS_2023-Q2_report.htm,8,About half of these RWA are expected to run-off by the end of 2026,True,True,current
targets_39.csv,T17,counterpart to 2024,UBS_2024-Q2_report.htm,8,will lead to an increase of around 5% in UBS Group risk-weighted assets,True,True,current
targets_39.csv,T18,counterpart to 2024,UBS_2023-Q2_report.htm,8,progress towards a 2026 exit rate return on CET1 capital of around 15%,True,True,current
targets_39.csv,T24,counterpart to 2024,UBS_2023-Q4_report.htm,7,exit rate gross cost savings of approximately USD 13bn by the end of 2026,True,True,current
targets_39.csv,T26,counterpart to 2024,UBS_2023-Q4_report.htm,8,with around USD 100bn of net new assets annually through 2025,True,True,current
targets_39.csv,T28,counterpart to 2024,UBS_2023-Q4_report.htm,8,"In 2024, we plan to repurchase up to USD 1bn of our shares",True,True,current
targets_39.csv,T29,counterpart to 2024,UBS_2023_annual_report.htm,29,with around 45% of the cumulative gross cost reductions expected by the end of 2024,True,True,current
targets_39.csv,T30,counterpart to 2024,UBS_2023-Q2_report.htm,8,We expect to revise our initial estimates of cumulative integration-related expenses,True,True,current
targets_39.csv,T31,counterpart to 2024,UBS_2023-Q4_report.htm,8,an underlying profit-before-tax loss of less than USD 1bn (exit rate),True,True,current
targets_39.csv,T34,counterpart to 2024,UBS_2023_annual_report.htm,46,"Additionally, we expect up to USD 1bn of funding cost",True,True,current
targets_39.csv,T35,counterpart to 2024,UBS_2023-Q4_report.htm,7,We expect Group RWA to be around USD 510bn by the end of 2026,True,True,current
targets_39.csv,T36,counterpart to 2024,UBS_2024-Q1_report.htm,18,with our effective tax rate still expected to be around 40% by the end of 2024,True,True,current
targets_39.csv,T40,counterpart to 2024,UBS_2023-Q4_report.htm,8,"and a share of around 5% of Group RWA, all by the end of 2026",True,True,current
targets_39.csv,T42,counterpart to 2024,UBS_2024-Q1_report.htm,7,we aim to achieve USD 1.5bn of additional exit rate gross cost savings in the remainder of 2024,True,True,current
targets_39.csv,T50,counterpart to 2024,UBS_2023-Q4_report.htm,8,"and a share of around 5% of Group RWA, all by the end of 2026",True,True,current
targets_39.csv,T51,counterpart to 2024,UBS_2024-Q2_report.htm,8,the completion of the transaction would reduce the Group’s risk-weighted assets by around USD 1.3bn,True,True,current
targets_39.csv,T53,counterpart to 2024,UBS_2023-Q2_report.htm,8,we aim to achieve an exit-rate cost income ratio of less than 70% by end-2026,True,True,current
targets_39.csv,T55,counterpart to 2024,UBS_2024_annual_report.htm,52,We aim to achieve a share of below 5% of Group RWA by the end of 2026,True,True,current
targets_39.csv,T64,counterpart to 2024,UBS_2023_annual_report.htm,106,effective tax rate is expected to decrease towards the structural rate in subsequent years,True,True,current
targets_39.csv,T65,counterpart to 2024,UBS_2023-Q4_report.htm,8,with around USD 100bn of net new assets annually through 2025,True,True,current
targets_39.csv,T67,counterpart to 2024,UBS_2023-Q4_report.htm,8,Personal & Corporate Banking: an underlying cost / income ratio of less than 50% by the end of 2026,True,True,current
targets_39.csv,F06,counterpart to 2024,UBS_2023_annual_report.htm,28,We expect Global Wealth Management margins in the region to eventually exceed 40%,True,True,current
targets_39.csv,F07,counterpart to 2024,UBS_2023-Q4_report.htm,8,and an underlying cost / income ratio of less than 70% by the end of 2026 (exit rate),True,True,current
targets_39.csv,F08,counterpart to 2024,UBS_2023-Q4_report.htm,8,"The Investment Bank: an underlying return on attributed equity of approximately 15% through the cycle, while operating with no more than 25%",True,True,current
targets_39.csv,F09,counterpart to 2024,UBS_2023-Q4_report.htm,8,"The Investment Bank: an underlying return on attributed equity of approximately 15% through the cycle, while operating with no more than 25%",True,True,current
targets_39.csv,F12,counterpart to 2024,UBS_2023_annual_report.htm,56,"Reduce RWA and LRD, freeing up capital for the UBS Group",True,True,current
targets_39.csv,F21,counterpart to 2024,UBS_2024_annual_report.htm,59,a UBS AG standalone CET1 capital ratio between 12.5% and 13.0%,True,True,current
counterparts_to_2024.csv,T16,"counterpart, first window",UBS_2023_annual_report.htm,56,"Reduce RWA and LRD, freeing up capital for the UBS Group",True,True,current
counterparts_to_2024.csv,T25,"counterpart, first window",UBS_2023_annual_report.htm,62,We plan to fund this growth organically from the capital released from the unwinding of the,True,True,current
counterparts_to_2024.csv,T27,"counterpart, first window",UBS_2023-Q4_report.htm,47,"The core business-led reductions in RWA, coupled with the run-down of positions in the Non-core and Legacy business division, are expected to more than offset the effects of model updates and revised Basel III standards in 2024 and",True,True,current
counterparts_to_2024.csv,T32,"counterpart, first window",UBS_2023_annual_report.htm,186,"The phase-in of these increased capital requirements will commence from the end of 2025 and will be completed by the beginning of 2030, at the latest",True,True,current
counterparts_to_2024.csv,T10,"counterpart, first window",UBS_2023_annual_report.htm,28,we expect to maintain a CET1 capital ratio of around 14% throughout the integration timeline,True,True,current
counterparts_to_2024.csv,T12,"counterpart, first window",UBS_2023-Q2_report.htm,8,We further aim to achieve gross cost reductions of over USD 10bn by that time,True,True,current
counterparts_to_2024.csv,T13,"counterpart, first window",UBS_2023-Q2_report.htm,8,We further aim to achieve gross cost reductions of over USD 10bn by that time,True,True,current
counterparts_to_2024.csv,T9,"counterpart, first window",UBS_2023-Q2_report.htm,8,we aim to achieve an exit-rate cost income ratio of less than 70% by end-2026,True,True,current
counterparts_to_2024.csv,T14,"counterpart, first window",UBS_2023-Q2_report.htm,8,About half of these RWA are expected to run-off by the end of 2026,True,True,current
counterparts_to_2024.csv,T17,"counterpart, first window",UBS_2023_annual_report.htm,46,including an estimated USD 25bn day-1 increase for the finalization of Basel III in 2025,True,True,current
counterparts_to_2024.csv,T18,"counterpart, first window",UBS_2023-Q2_report.htm,8,progress towards a 2026 exit rate return on CET1 capital of around 15%,True,True,current
counterparts_to_2024.csv,T24,"counterpart, first window",UBS_2023-Q4_report.htm,7,exit rate gross cost savings of approximately USD 13bn by the end of 2026,True,True,current
counterparts_to_2024.csv,T26,"counterpart, first window",UBS_2023-Q4_report.htm,8,with around USD 100bn of net new assets annually through 2025,True,True,current
counterparts_to_2024.csv,T28,"counterpart, first window",UBS_2023-Q4_report.htm,8,"In 2024, we plan to repurchase up to USD 1bn of our shares",True,True,current
counterparts_to_2024.csv,T29,"counterpart, first window",UBS_2023_annual_report.htm,29,with around 45% of the cumulative gross cost reductions expected by the end of 2024,True,True,current
counterparts_to_2024.csv,T30,"counterpart, first window",UBS_2023-Q2_report.htm,8,We expect to revise our initial estimates of cumulative integration-related expenses,True,True,current
counterparts_to_2024.csv,T31,"counterpart, first window",UBS_2023-Q4_report.htm,8,an underlying profit-before-tax loss of less than USD 1bn (exit rate),True,True,current
counterparts_to_2024.csv,T34,"counterpart, first window",UBS_2023_annual_report.htm,46,"Additionally, we expect up to USD 1bn of funding cost",True,True,current
counterparts_to_2024.csv,T35,"counterpart, first window",UBS_2023-Q4_report.htm,7,We expect Group RWA to be around USD 510bn by the end of 2026,True,True,current
counterparts_to_2024.csv,T36,"counterpart, first window",UBS_2023_annual_report.htm,106,effective tax rate is expected to decrease towards the structural rate in subsequent years,True,True,current
counterparts_to_2024.csv,T40,"counterpart, first window",UBS_2023-Q4_report.htm,8,"and a share of around 5% of Group RWA, all by the end of 2026",True,True,current
counterparts_to_2024.csv,T42,"counterpart, first window",UBS_2024-Q1_report.htm,7,we aim to achieve USD 1.5bn of additional exit rate gross cost savings in the remainder of 2024,True,True,current
counterparts_to_2024.csv,T50,"counterpart, first window",UBS_2023-Q4_report.htm,8,"and a share of around 5% of Group RWA, all by the end of 2026",True,True,current
counterparts_to_2024.csv,T51,"counterpart, first window",UBS_2024-Q2_report.htm,8,the completion of the transaction would reduce the Group’s risk-weighted assets by around USD 1.3bn,True,True,current
counterparts_to_2024.csv,T53,"counterpart, first window",UBS_2023-Q2_report.htm,8,we aim to achieve an exit-rate cost income ratio of less than 70% by end-2026,True,True,current
counterparts_to_2024.csv,T55,"counterpart, first window",UBS_2024_annual_report.htm,52,We aim to achieve a share of below 5% of Group RWA by the end of 2026,True,True,current
counterparts_to_2024.csv,T64,"counterpart, first window",UBS_2023_annual_report.htm,106,effective tax rate is expected to decrease towards the structural rate in subsequent years,True,True,current
counterparts_to_2024.csv,T65,"counterpart, first window",UBS_2024-Q4_report.htm,7,with around USD 100bn of net new assets in 2025,True,True,current
counterparts_to_2024.csv,T67,"counterpart, first window",UBS_2023-Q4_report.htm,8,Personal & Corporate Banking: an underlying cost / income ratio of less than 50% by the end of 2026,True,True,current
targets_added_by_fls.csv,F06,"counterpart, first window",UBS_2023_annual_report.htm,28,We expect Global Wealth Management margins in the region to eventually exceed 40%,True,True,current
targets_added_by_fls.csv,F07,"counterpart, first window",UBS_2023-Q4_report.htm,8,and an underlying cost / income ratio of less than 70% by the end of 2026 (exit rate),True,True,current
targets_added_by_fls.csv,F08,"counterpart, first window",UBS_2023-Q4_report.htm,8,"The Investment Bank: an underlying return on attributed equity of approximately 15% through the cycle, while operating with no more than 25%",True,True,current
targets_added_by_fls.csv,F09,"counterpart, first window",UBS_2023-Q4_report.htm,8,"The Investment Bank: an underlying return on attributed equity of approximately 15% through the cycle, while operating with no more than 25%",True,True,current
targets_added_by_fls.csv,F12,"counterpart, first window",UBS_2023_annual_report.htm,56,"Reduce RWA and LRD, freeing up capital for the UBS Group",True,True,current
targets_added_by_fls.csv,F21,"counterpart, first window",UBS_2024_annual_report.htm,59,a UBS AG standalone CET1 capital ratio between 12.5% and 13.0%,True,True,current
targets_added_by_fls.csv,F22,borderline,UBS_2024-Q4_pillar3.htm,16,decreased 10.9 percentage points to 188.4%,True,True,current
pillar3_read.csv,T16,Pillar 3,UBS_2023-Q4_pillar3.htm,7,"The core business-led reductions in RWA, coupled with the run-down of positions in Non-core and Legacy during 2024 and 2025, are expected to more than offset the effects of revised Basel III standards",True,True,current
pillar3_read.csv,T25,Pillar 3,UBS_2023-Q4_pillar3.htm,70,We plan to exit the exposures in Non-core and Legacy in near-to-mid term,True,True,current
pillar3_read.csv,T27,Pillar 3,UBS_2023-Q4_pillar3.htm,7,"The core business-led reductions in RWA, coupled with the run-down of positions in Non-core and Legacy during 2024 and 2025, are expected to more than offset the effects of revised Basel III standards",True,True,current
call_first.csv,T10,first report with the figure,UBS_2023-Q4_report.htm,7,capital ratio of around 14%,True,True,current
call_first.csv,T17,first report with the figure,UBS_2024-Q2_report.htm,8,will lead to an increase of around 5% in UBS Group risk-weighted assets,True,True,current
call_first.csv,T34,first report with the figure,UBS_2023_annual_report.htm,46,"Additionally, we expect up to USD 1bn of funding cost",True,True,current
call_first.csv,T36,first report with the figure,UBS_2024-Q1_report.htm,18,with our effective tax rate still expected to be around 40% by the end of 2024,True,True,current
call_first.csv,T55,first report with the figure,UBS_2024_annual_report.htm,52,We aim to achieve a share of below 5% of Group RWA by the end of 2026,True,True,current
call_vs_report_cases.csv,C1,call against report,UBS_2023-Q2_report.htm,8,We further aim to achieve gross cost reductions of over USD 10bn by that time,True,True,current
call_vs_report_cases.csv,C1,call against report,UBS_2023-Q3_report.htm,7,to achieve gross cost reductions of over USD 10bn by that time,True,True,current
call_vs_report_cases.csv,C1,call against report,UBS_2023-Q4_report.htm,7,exit rate gross cost savings of approximately USD 13bn by the end of 2026,True,True,current
call_vs_report_cases.csv,C1,call against report,UBS_2024-Q1_report.htm,7,We have achieved USD 5bn of exit rate gross cost savings,True,True,current
call_vs_report_cases.csv,C1,call against report,UBS_2024-Q2_report.htm,7,We now expect to achieve around USD 7bn of gross cost savings by the end of 2024,True,True,current
call_vs_report_cases.csv,C1,call against report,UBS_2024-Q3_report.htm,7,for a total of around USD 6.8bn in annualized exit rate gross cost savings,True,True,current
call_vs_report_cases.csv,C1,call against report,UBS_2024-Q4_report.htm,7,Cumulative gross cost savings at the end of 2024 amounted to USD 7.5bn,True,True,current
call_vs_report_cases.csv,C1,call against report,UBS_2023_annual_report.htm,29,with around 45% of the cumulative gross cost reductions expected by the end of 2024,True,True,current
call_vs_report_cases.csv,C1,call against report,UBS_2024_annual_report.htm,39,Cumulative gross cost savings at the end of 2024 amounted to USD 7.5bn,True,True,current
call_vs_report_cases.csv,C2,call against report,UBS_2023-Q2_report.htm,8,We expect to revise our initial estimates of cumulative integration-related expenses,True,True,current
call_vs_report_cases.csv,C2,call against report,UBS_2023-Q3_report.htm,13,"The third quarter of 2023 included total integration-related expenses of USD 2,003m",True,True,current
call_vs_report_cases.csv,C2,call against report,UBS_2023-Q4_report.htm,21,including around USD 1bn of integration-related expenses,True,True,current
call_vs_report_cases.csv,C2,call against report,UBS_2024-Q1_report.htm,12,"integration-related expenses and PPA effects of USD 1,021m from operating expenses",True,True,current
call_vs_report_cases.csv,C2,call against report,UBS_2024-Q2_report.htm,20,we expect to incur in the third quarter of 2024 around USD 1.1bn of integration-related expenses,True,True,current
call_vs_report_cases.csv,C2,call against report,UBS_2024-Q3_report.htm,19,Integration-related expenses are expected to be around USD 1.2bn,True,True,current
call_vs_report_cases.csv,C2,call against report,UBS_2024-Q4_report.htm,20,integration-related expenses are expected to be around USD 1.1bn,True,True,current
call_vs_report_cases.csv,C2,call against report,UBS_2023_annual_report.htm,101,Integration-related expenses by business division and Group Items,True,True,current
call_vs_report_cases.csv,C2,call against report,UBS_2024_annual_report.htm,98,"after excluding from operating expenses USD 1,807m of integration-related expenses",True,True,current
call_vs_report_cases.csv,C3,call against report,UBS_2023-Q2_report.htm,138,"Fundamental Review of the Trading Book promulgated by the BCBS, which are expected to increase UBS’s RWA",True,True,current
call_vs_report_cases.csv,C3,call against report,UBS_2023-Q4_report.htm,47,"will lead to a further increase in RWA of approximately USD 25bn, of which USD 10bn in Non-core and Legacy",True,True,current
call_vs_report_cases.csv,C3,call against report,UBS_2024-Q1_report.htm,8,published five new ordinances to implement the final Basel III standards in Switzerland,True,True,current
call_vs_report_cases.csv,C3,call against report,UBS_2024-Q2_report.htm,51,will lead to an increase of around 5% in UBS Group risk-weighted assets,True,True,current
call_vs_report_cases.csv,C3,call against report,UBS_2024-Q3_report.htm,9,reducing the CET1 capital ratio by around 30 basis points,True,True,current
call_vs_report_cases.csv,C3,call against report,UBS_2024-Q4_report.htm,46,The USD 1bn increase was primarily driven by a USD 7bn increase in market risk RWA,True,True,current
call_vs_report_cases.csv,C4,call against report,UBS_2023-Q3_report.htm,47,we announced that we would redeem an AT1 capital instrument on 28 November 2023,True,True,current
call_vs_report_cases.csv,C4,call against report,UBS_2023-Q4_report.htm,43,mainly reflecting two issuances of AT1 capital instruments of USD 3.5bn,True,True,current
call_vs_report_cases.csv,C4,call against report,UBS_2024-Q1_report.htm,43,mainly reflecting the issuance of two AT1 capital instruments equivalent to a total of USD 1.5bn,True,True,current
call_vs_report_cases.csv,C4,call against report,UBS_2024-Q2_report.htm,47,mainly reflecting the issuance of one AT1 capital instrument equivalent to USD 0.4bn,True,True,current
call_vs_report_cases.csv,C4,call against report,UBS_2024-Q3_report.htm,46,reflecting the issuance of new AT1 capital instruments equivalent to USD 1.6bn,True,True,current
quotes_2025_2026.csv,T33,b: missed,UBS_2024_annual_report.htm,165,mainly reflecting new issuances of AT1 capital instruments of USD 3.5 bn partly offset by a call of USD 1.0 bn equivalent of AT1 capital instruments,True,True,current
quotes_2025_2026.csv,T33,b: actual value,UBS_2024_annual_report.htm,165,mainly reflecting new issuances of AT1 capital instruments of USD 3.5 bn partly offset by a call of USD 1.0 bn equivalent of AT1 capital instruments,True,True,current
quotes_2025_2026.csv,T25,note (2024 annual report),UBS_2024_annual_report.htm,26,released over USD 6 billion of capital to the Group,True,True,current
equivalent_forms_read.csv,T25,"same target, no figure",UBS_2023_annual_report.htm,56,freeing up capital for the UBS Group,True,True,current
equivalent_forms_read.csv,T25,"same target, no figure",UBS_2023_annual_report.htm,62,We plan to fund this growth organically from the capital released from the unwinding of the,True,True,current
equivalent_forms_read.csv,T25,"same target, no figure",UBS_2024_annual_report.htm,52,freeing up capital for the UBS Group,True,True,current
equivalent_forms_read.csv,T27,"same target, no figure",UBS_2023-Q3_report.htm,51,we expect exposures in Non-core and Legacy to reduce as a result of maturities and active unwinding of positions,True,True,current
equivalent_forms_read.csv,T27,"same target, no figure",UBS_2023_annual_report.htm,56,"Reduce RWA and LRD, freeing up capital for the UBS Group",True,True,current
equivalent_forms_read.csv,T27,"same target, no figure",UBS_2024_annual_report.htm,52,We will continue to actively wind down Non-core and Legacy,True,True,current
equivalent_forms_read.csv,F12,"same target, no figure",UBS_2023-Q2_report.htm,8,We intend to actively reduce the assets of the NCL business division,True,True,current
equivalent_forms_read.csv,F12,"same target, no figure",UBS_2023_annual_report.htm,56,"Reduce RWA and LRD, freeing up capital for the UBS Group",True,True,current
equivalent_forms_read.csv,F12,"same target, no figure",UBS_2024_annual_report.htm,52,We will continue to actively wind down Non-core and Legacy,True,True,current
equivalent_forms_read.csv,F12,"same target, no figure",UBS_2024_annual_report.htm,52,"Reduce RWA and LRD, freeing up capital for the UBS Group",True,True,current
equivalent_forms_read.csv,T30,"same target, another unit",UBS_2023-Q2_report.htm,8,Cumulative integration-related expenses are expected to be broadly offset by accretion-to-par effects of approximately USD 12bn,True,True,current
outcomes_units.csv,T25,corrected outcome,UBS_2024_annual_report.htm,26,has cut risk-weighted assets by more than half compared with the post-acquisition starting point and released over USD 6 billion of capital to the Group,True,True,current
outcomes_units.csv,T25,corrected outcome,UBS_2024_annual_report.htm,224,released over USD 6bn of capital to the Group,True,True,current
outcomes_units.csv,T32,corrected outcome,UBS_2023_annual_report.htm,186,The total going concern capital requirements applicable are 14.92% of RWA,True,True,current
outcomes_units.csv,T32,corrected outcome,UBS_2024_annual_report.htm,162,"both unchanged at 0.72% of RWA and 0.25% of LRD, resulting in add-ons of 1.44% of RWA and 0.50% of LRD",True,True,current
outcomes_units.csv,T32,corrected outcome,UBS_2024-Q1_report.htm,42,"We currently estimate that this will add around USD 10bn to the Group’s tier one capital requirement, when fully phased in",True,True,current
outcomes_units.csv,T32,corrected outcome,UBS_2024-Q4_report.htm,41,"We currently estimate that this will add around USD 10bn to the Group’s tier 1 capital requirement, when fully phased in",True,True,current
outcomes_units.csv,F12,corrected outcome,UBS_2024_annual_report.htm,169,"During 2024, the LRD decreased by USD 175.9bn to USD 1,519.5bn, mainly due to asset size and other movements of USD 102.3bn, as well as currency effects of USD 73.6bn",True,True,current
