unit,found_by,call,call_sentence,figure_call,class_to_2024,report_status,figure_report,quote,file,page,checked_manually,section,speaker,position_in_call,sentence_number
T16,rules,2023-Q3,"On the basis of natural roll-off in both contexts, we expect operational risk RWA in NCL to decrease to around 14 billion by the end of 2026.",NCL operational risk RWA around 14bn by end-2026,B,no figure,"NCL key priority: reduce RWA and LRD, no figure","Reduce RWA and LRD, freeing up capital for the UBS Group",UBS_2023_annual_report.htm,56,"Manual check 2026-09-23: C confirmed. Manual check 2026-09-24: B under the consistency rule ('Reduce RWA and LRD, freeing up capital for the UBS Group', 2023 and 2024 annual reports).",prepared,Todd Tuckner,2,139
T25,rules,2023-Q4,"Obviously, the most prominent example is the Non-core and Legacy portfolio, where we expect our wind-down efforts to result in a capital release of over 6 billion by the end of 2026.",NCL capital release over 6bn by end-2026,B,no figure,"capital released from the NCL unwinding, no figure",We plan to fund this growth organically from the capital released from the unwinding of the,UBS_2023_annual_report.htm,62,"Manual check 2026-09-23: B instead of C (2023 annual report, capital released from the NCL unwinding, no figure).",prepared,Sergio P. Ermotti,3,41
T27,rules,2023-Q4,"By the end of 2024, we expect combined risk – credit and market risk risk-weighted assets to be substantially below 40 billion.",NCL credit and market risk RWA substantially below 40bn by end-2024,B,no figure,"NCL run-down offsets Group RWA effects in 2024 and 2025, no figure","The core business-led reductions in RWA, coupled with the run-down of positions in the Non-core and Legacy business division, are expected to more than offset the effects of model updates and revised Basel III standards in 2024 and",UBS_2023-Q4_report.htm,47,"Manual check 2026-09-23: C confirmed. Manual check 2026-09-24: B under the consistency rule (forward-looking statement on the same reduction, other scope, no figure; 2023-Q4 report p47 and 2023 annual report p193).",prepared,Sergio P. Ermotti,3,92
T32,rules,2023-Q4,Between 2026 and 2030 our going-concern capital requirement is expected to increase by around 180 basis points to 16.7% as the effects of the currently larger balance sheet and greater market share from the Credit Suisse acquisition are phased-in.,going-concern requirement +180bp to 16.7% between 2026 and 2030,B,another figure,"around USD 10bn added to the tier 1 capital requirement when fully phased in (2024-Q1 report, p. 42)","The phase-in of these increased capital requirements will commence from the end of 2025 and will be completed by the beginning of 2030, at the latest",UBS_2023_annual_report.htm,186,"Manual check 2026-09-23: B instead of C (2023 annual report, going concern capital requirements, phase-in end-2025 to 2030, no figure).",prepared,Todd Tuckner,4,82
T33,rules,2023-Q4,"In this respect, following last year’s successful raises, we expect to issue up to 2 billion in AT1 in 2024.",AT1 issuance up to 2bn in 2024,C,not mentioned,,,,,Manual check 2026-09-23: C confirmed.,prepared,Todd Tuckner,4,84
T68,rules,2024-Q4,"Looking ahead, we’re targeting to bring down Group HoldCo to around 90 billion by the end of 2025 while still retaining resilient buffers over regulatory minimums.",Group HoldCo around 90bn by end-2025,C,not mentioned,,,,,Manual check 2026-09-23: C confirmed.,prepared,Todd Tuckner,4,151
T10,rules,2023-Q2,We expect to operate at around 14% CET1 capital ratio over the medium term.,CET1 ratio around 14% over the medium term,A,same figure,around 14% throughout the integration timeline,capital ratio of around 14%,UBS_2023-Q4_report.htm,7,,prepared,Sergio P. Ermotti,1,140
T12,rules,2023-Q2,"So, Andrew, in terms of – I’ll take the second point first – in terms of the story on the underlying profitability, yeah, I mean just be very clear that the cost saves that we expect to see by the end of 2023 of 3 billion, which we think you can price into 2024, some of that has been realized.",over 3bn exit-rate saves by end-2023,B,another figure,over USD 10bn by end-2026,We further aim to achieve gross cost reductions of over USD 10bn by that time,UBS_2023-Q2_report.htm,8,,qa,Todd Tuckner,40,1
T13,rules,2023-Q2,But as I would – the way I would think about it is there is work that's ongoing and we expect that the greater than 3 billion number is something that we'll see at the end of the year hitting through.,over 3bn exit-rate saves by end-2023,B,another figure,over USD 10bn by end-2026,We further aim to achieve gross cost reductions of over USD 10bn by that time,UBS_2023-Q2_report.htm,8,,qa,Todd Tuckner,40,2
T9,rules,2023-Q2,"All told, we aim to bring the Group’s underlying cost/income ratio exit rate below 70% in 2026.",cost/income ratio below 70% in 2026,A,same figure,less than 70% by end-2026,we aim to achieve an exit-rate cost income ratio of less than 70% by end-2026,UBS_2023-Q2_report.htm,8,,prepared,Sergio P. Ermotti,1,132
T14,rules,2023-Q3,"As a function of the natural decay across the portfolio, we expect a reduction of around 50% by the end of 2026.",NCL reduction of around 50% by end-2026,A,same figure,about half of NCL RWA to run off by end-2026,About half of these RWA are expected to run-off by the end of 2026,UBS_2023-Q2_report.htm,8,,prepared,Sergio P. Ermotti,1,51
T17,rules,2023-Q3,"As a reminder, we continue to expect a roughly 5% increase from day-1 effects in 2025 from other final Basel 3 considerations, mainly FRTB.",roughly 5% RWA increase from final Basel III in 2025,A,same figure,USD 25bn day-1 increase,will lead to an increase of around 5% in UBS Group risk-weighted assets,UBS_2024-Q2_report.htm,8,,prepared,Todd Tuckner,2,140
T18,rules,2023-Q3,"Despite these elements, we are executing on our integration plans at pace and remain on track to achieve our goals of around a 15% return on CET1 capital and a cost/income ratio of less than 70% by the end of 2026.",RoCET1 around 15% and C/I below 70% by end-2026,A,same figure,around 15% RoCET1 in 2026,progress towards a 2026 exit rate return on CET1 capital of around 15%,UBS_2023-Q2_report.htm,8,,prepared,Todd Tuckner,2,144
T24,rules,2023-Q4,"Therefore, the realization of our integration plans and the run-down of the Non-core and Legacy portfolio is expected to result in around 13 billion in gross cost reductions by the end of 2026.",around 13bn gross cost reductions by end-2026,A,same figure,approximately USD 13bn by end-2026,exit rate gross cost savings of approximately USD 13bn by the end of 2026,UBS_2023-Q4_report.htm,7,,prepared,Sergio P. Ermotti,3,36
T26,rules,2023-Q4,Our actions will allow GWM to attract around 100 billion in net new assets per annum through 2025 as we expect to continue growth in our platform to partially offset by outflows related to the capital efficiency initiatives I described a moment ago.,around 100bn NNA per annum through 2025,A,same figure,around USD 100bn annually through 2025,with around USD 100bn of net new assets annually through 2025,UBS_2023-Q4_report.htm,8,,prepared,Sergio P. Ermotti,3,60
T28,rules,2023-Q4,"Then, we expect to resume buying back stocks, with a target of up to 1 billion dollars in 2024.",buybacks up to 1bn in 2024,A,same figure,up to USD 1bn in 2024,"In 2024, we plan to repurchase up to USD 1bn of our shares",UBS_2023-Q4_report.htm,8,,prepared,Sergio P. Ermotti,3,101
T29,rules,2023-Q4,"By the end of 2024, we expect to generate more than 2 billion in gross exit-rate saves, with more towards the latter half of the year after completion of the largest legal entity mergers.",more than 2bn further gross exit-rate saves by end-2024,B,another figure,around 45% of cumulative reductions by end-2024,with around 45% of the cumulative gross cost reductions expected by the end of 2024,UBS_2023_annual_report.htm,29,,prepared,Todd Tuckner,4,43
T30,rules,2023-Q4,"Moving to integration-related expenses, which we expect to total to around 13 billion by the end of 2026, including the 4 and a half billion incurred to date.",integration-related expenses around 13bn by end-2026,B,separate,no total; estimate to be revised,We expect to revise our initial estimates of cumulative integration-related expenses,UBS_2023-Q2_report.htm,8,,prepared,Todd Tuckner,4,52
T31,rules,2023-Q4,"For 2024, we expect NCL to incur underlying operating expenses of around 4 billion, generating a pre-tax loss of also around 4 billion in light of the zero revenue guidance I offered earlier.",NCL 2024 operating expenses and pre-tax loss around 4bn,B,another figure,NCL loss below USD 1bn exit rate by end-2026,an underlying profit-before-tax loss of less than USD 1bn (exit rate),UBS_2023-Q4_report.htm,8,,prepared,Todd Tuckner,4,72
T34,rules,2023-Q4,"Overall, as a result of lower funding needs, diversified and more stable funding sources, tighter issuance spreads relative to 2023 levels, and disciplined deposit pricing, we believe we can realize funding cost saves of up to 1 billion by 2026 on top of the saves achieved last year.",funding cost saves up to 1bn by 2026,A,same figure,up to USD 1bn of funding cost savings by 2026,"Additionally, we expect up to USD 1bn of funding cost",UBS_2023_annual_report.htm,46,,prepared,Todd Tuckner,4,100
T35,rules,2023-Q4,"All told, over the next 3 years, Group RWA is expected to drop from its current levels by 35 billion at constant FX, freeing up around 5 billion in CET1 capital.","Group RWA down 35bn over three years, freeing around 5bn CET1",B,another figure,Group RWA around USD 510bn by end-2026,We expect Group RWA to be around USD 510bn by the end of 2026,UBS_2023-Q4_report.htm,7,,prepared,Todd Tuckner,4,108
T36,rules,2023-Q4,"The legal entity mergers planned for later this year will resolve a considerable level of this inefficiency, driving down our effective tax rate to around 40% by the end of 2024.",effective tax rate around 40% by end-2024,A,same figure,tax rate to decrease towards the structural 23%,with our effective tax rate still expected to be around 40% by the end of 2024,UBS_2024-Q1_report.htm,18,,prepared,Todd Tuckner,4,111
T40,rules,2024-Q1,We are well positioned to achieve our target to reduce NCL risk weighted assets to around 5% of the Group by the end of 2026 and we remain focused on accelerating position exits in a manner that continues to optimize value.,NCL RWA around 5% of Group by end-2026,A,same figure,around 5% of Group RWA by end-2026,"and a share of around 5% of Group RWA, all by the end of 2026",UBS_2023-Q4_report.htm,8,,prepared,Sergio P. Ermotti,1,34
T42,rules,2024-Q1,"Accordingly, the pace of gross cost saves is likely to decelerate from the run rate savings output achieved over the last 5 quarters, with another 1.5 billion in gross cost saves expected by the end of the year.",another 1.5bn gross cost saves by end-2024,A,same figure,USD 1.5bn additional in the remainder of 2024,we aim to achieve USD 1.5bn of additional exit rate gross cost savings in the remainder of 2024,UBS_2024-Q1_report.htm,7,,prepared,Todd Tuckner,2,34
T50,rules,2024-Q2,"Looking ahead, the progress we are making is visible in the natural roll-off profile, significantly narrowing the gap to our active run-down expectation of around 5% of Group RWA by 2026.",NCL around 5% of Group RWA by 2026,A,same figure,around 5% of Group RWA by end-2026,"and a share of around 5% of Group RWA, all by the end of 2026",UBS_2023-Q4_report.htm,8,,prepared,Todd Tuckner,2,149
T51,rules,2024-Q2,"This transaction is expected to close in 1Q25, and would reduce RWA by around 1.3 billion, LRD by around 1.7 billion, and annualized costs by around 250 million.","transaction to reduce RWA by around 1.3bn, LRD by 1.7bn",A,same figure,"RWA around USD 1.3bn, LRD around USD 1.7bn",the completion of the transaction would reduce the Group’s risk-weighted assets by around USD 1.3bn,UBS_2024-Q2_report.htm,8,,prepared,Todd Tuckner,2,151
T53,rules,2024-Q3,This performance highlights the substantial progress to date and outlines the path forward to reach our target ratio of under 70% by the end of 2026.,cost/income ratio under 70% by end-2026,A,same figure,less than 70% by end-2026,we aim to achieve an exit-rate cost income ratio of less than 70% by end-2026,UBS_2023-Q2_report.htm,8,,prepared,Todd Tuckner,2,22
T55,rules,2024-Q3,By the end of 2026 we aim to have less than 5% remaining.,NCL below 5% of Group RWA by end-2026,A,same figure,below 5% of Group RWA by end-2026,We aim to achieve a share of below 5% of Group RWA by the end of 2026,UBS_2024_annual_report.htm,52,,prepared,Todd Tuckner,2,160
T64,rules,2024-Q4,"For full-year 2025, we expect an effective tax rate of around 20%, as we aim to implement tax planning later in the year, mainly related to the combination of legal entities in the US.",effective tax rate around 20% for 2025,B,another figure,tax rate to decrease towards the structural 23%,effective tax rate is expected to decrease towards the structural rate in subsequent years,UBS_2023_annual_report.htm,106,,prepared,Todd Tuckner,4,6
T65,rules,2024-Q4,We therefore maintain our net new asset ambition of around 100 billion for 2025.,NNA around 100bn for 2025,A,same figure,around USD 100bn of NNA in 2025,with around USD 100bn of net new assets annually through 2025,UBS_2023-Q4_report.htm,8,,prepared,Todd Tuckner,4,44
T67,rules,2024-Q4,"This positioning, coupled with a more streamlined cost base, give us confidence in our ability to grow the P&C business at least as fast as Swiss GDP, while delivering a cost/income ratio of less than 50% and a pre-tax return on equity of near 20% by the end of 2026.",P&C cost/income below 50% and pre-tax RoE near 20% by end-2026,A,same figure,P&C cost / income below 50% by end-2026,Personal & Corporate Banking: an underlying cost / income ratio of less than 50% by the end of 2026,UBS_2023-Q4_report.htm,8,,prepared,Todd Tuckner,4,105
F06,FinBERT-FLS,2023-Q4,"In Switzerland, EMEA and APAC, we expect PBT margins to eventually exceed 40% in each of these regions as we capture the benefits of our fortified leadership positions and integration-related synergies.","GWM pre-tax margins above 40% in Switzerland, EMEA and APAC",A,same figure,,We expect Global Wealth Management margins in the region to eventually exceed 40%,UBS_2023_annual_report.htm,28,,prepared,Sergio P. Ermotti,3,51
F07,FinBERT-FLS,2023-Q4,Greater scale alongside our cost and capital efficiency measures will support GWM’s ability to achieve improved profitability with an expected underlying cost/income ratio of less than 70%.,GWM underlying cost/income ratio below 70%,A,same figure,,and an underlying cost / income ratio of less than 70% by the end of 2026 (exit rate),UBS_2023-Q4_report.htm,8,,prepared,Sergio P. Ermotti,3,63
F08,FinBERT-FLS,2023-Q4,"By deploying its products and services across a more diversified institutional, corporate and financial sponsor client base, in addition to the improved connectivity with our clients in GWM and P&C, the Investment Bank is poised to achieve around 15% return on attributed equity over the cycle.",Investment Bank around 15% return on attributed equity over the cycle,A,same figure,,"The Investment Bank: an underlying return on attributed equity of approximately 15% through the cycle, while operating with no more than 25%",UBS_2023-Q4_report.htm,8,,prepared,Sergio P. Ermotti,3,83
F09,FinBERT-FLS,2023-Q4,And it will do this while consuming no more than 25% of the Group’s risk weighted assets.,Investment Bank no more than 25% of Group RWA,A,same figure,,"The Investment Bank: an underlying return on attributed equity of approximately 15% through the cycle, while operating with no more than 25%",UBS_2023-Q4_report.htm,8,,prepared,Sergio P. Ermotti,3,84
F11,FinBERT-FLS,2023-Q4,"To improve efficiency of our capital stack, we intend to fund this increase by cost-effectively building-out the permissible AT1 bucket over time, bringing the going concern capital ratio to around 18% while broadly maintaining our CET1 capital ratio at around 14%.",going concern capital ratio around 18% by building out AT1,C,not mentioned,,,,,"Manual check 2026-09-24: hits pre-sorted by machine per unit, only the borderline cases (and a sample of the pre-sorting) read manually. C confirmed; all hits are tables with actual values. Manual recheck 2026-09-26 (phase 3h tool, all hits shown, filtered on forward-looking words, hits pre-sorted by machine, borderline cases read manually; recheck files of 2026-09-26): no figure, C unchanged.",prepared,Todd Tuckner,4,83
F12,FinBERT-FLS,2023-Q4,"Specifically, we expect to reduce LRD by over 100 billion at constant FX via the wind-down of NCL and from resource optimization across our core business divisions, driving down funding needs.",leverage ratio denominator down by over 100bn over three years,B,no figure,,"Reduce RWA and LRD, freeing up capital for the UBS Group",UBS_2023_annual_report.htm,56,"Manual check 2026-09-24: hits pre-sorted by machine per unit, only the borderline cases (and a sample of the pre-sorting) read manually. B instead of C: 2023 and 2024 annual reports, 'Reduce RWA and LRD, freeing up capital for the UBS Group' pursues the same reduction without the 100 billion. Manual recheck 2026-09-26 (phase 3h tool, all hits shown, filtered on forward-looking words, hits pre-sorted by machine, borderline cases read manually; recheck files of 2026-09-26): no 100bn figure; the only forward-looking sentence on the same reduction is the NCL priority 'Reduce RWA and LRD ... around 5% (2024: below 5%) of Group RWA by the end of 2026' in the 2023 and 2024 annual reports, without an LRD figure; B unchanged.",prepared,Todd Tuckner,4,95
F21,FinBERT-FLS,2024-Q4,"For the foreseeable future, we expect UBS AG to operate with a standalone CET1 capital ratio in the range of 12.5% to 13%, around 2 and a half points above the current regulatory minimum on a fully applied basis.",UBS AG standalone CET1 capital ratio 12.5% to 13% for the foreseeable future,A,same figure,,a UBS AG standalone CET1 capital ratio between 12.5% and 13.0%,UBS_2024_annual_report.htm,59,,prepared,Todd Tuckner,4,154
F22,FinBERT-FLS,2024-Q4,"Going forward, we expect to operate with an LCR below our 4Q24 level of 188%, reflecting continued efforts to manage towards a more efficient funding structure and reduced uncertainties associated with execution risk.",LCR below the 4Q24 level of 188% going forward,C,not mentioned,,,,,"Manual check 2026-09-24: hits pre-sorted by machine per unit, only the borderline cases (and a sample of the pre-sorting) read manually. C confirmed; hits are LCR tables and definitions. Manual recheck 2026-09-26 (phase 3h tool, all hits shown, filtered on forward-looking words, hits pre-sorted by machine, borderline cases read manually; recheck files of 2026-09-26): only definitions, references and actual values, also in the 2023 and 2024 annual reports; C confirmed.",prepared,Todd Tuckner,4,166
